<?xml version="1.0" encoding="UTF-8" standalone="no"?><configurationDescriptor version="62">
  <logicalFolder displayName="root" name="root" projectFiles="true">
    <logicalFolder displayName="Header Files" name="HeaderFiles" projectFiles="true">
      <logicalFolder displayName="include" name="include" projectFiles="true">
        <itemPath>../include/Can.h</itemPath>
        <itemPath>../include/Console.h</itemPath>
        <itemPath>../include/define.h</itemPath>
        <itemPath>../include/Primitive.h</itemPath>
        <itemPath>../include/GenericTypeDefs.h</itemPath>
      </logicalFolder>
    </logicalFolder>
    <logicalFolder displayName="Linker Files" name="LinkerScript" projectFiles="true">
    </logicalFolder>
    <logicalFolder displayName="Source Files" name="SourceFiles" projectFiles="true">
      <logicalFolder displayName="src" name="src" projectFiles="true">
        <itemPath>../src/Can.c</itemPath>
        <itemPath>../src/Console.c</itemPath>
        <itemPath>../src/control.c</itemPath>
        <itemPath>../src/RF.c</itemPath>
        <itemPath>../src/swI2C.c</itemPath>
        <itemPath>../src/TimeDelay.c</itemPath>
      </logicalFolder>
    </logicalFolder>
    <logicalFolder displayName="Important Files" name="ExternalFiles" projectFiles="false">
      <itemPath>Makefile</itemPath>
    </logicalFolder>
    <itemPath>temp</itemPath>
  </logicalFolder>
  <sourceRootList>
    <Elem>../include</Elem>
    <Elem>../src</Elem>
  </sourceRootList>
  <projectmakefile>Makefile</projectmakefile>
  <confs>
    <conf name="default" type="2">
      <toolsSet>
        <developmentServer>localhost</developmentServer>
        <targetDevice>PIC18F4680</targetDevice>
        <targetHeader/>
        <targetPluginBoard/>
        <platformTool>PICkit3PlatformTool</platformTool>
        <languageToolchain>C18</languageToolchain>
        <languageToolchainVersion>3.40</languageToolchainVersion>
        <platform>3</platform>
      </toolsSet>
      <compileType>
        <linkerTool>
          <linkerLibItems>
          </linkerLibItems>
        </linkerTool>
        <loading>
          <useAlternateLoadableFile>false</useAlternateLoadableFile>
          <alternateLoadableFile/>
        </loading>
      </compileType>
      <makeCustomizationType>
        <makeCustomizationPreStepEnabled>false</makeCustomizationPreStepEnabled>
        <makeCustomizationPreStep/>
        <makeCustomizationPostStepEnabled>false</makeCustomizationPostStepEnabled>
        <makeCustomizationPostStep/>
        <makeCustomizationPutChecksumInUserID>false</makeCustomizationPutChecksumInUserID>
        <makeCustomizationEnableLongLines>false</makeCustomizationEnableLongLines>
        <makeCustomizationNormalizeHexFile>false</makeCustomizationNormalizeHexFile>
      </makeCustomizationType>
      <C18>
        <property key="code-model" value="ms"/>
        <property key="data-model" value="oa-"/>
        <property key="default-char-unsigned" value="false"/>
        <property key="enable-all-optimizations" value="true"/>
        <property key="enable-int-promotion" value="false"/>
        <property key="enable-multi-bank-stack-model" value="false"/>
        <property key="enable-ob" value="true"/>
        <property key="enable-od" value="true"/>
        <property key="enable-om" value="true"/>
        <property key="enable-on" value="true"/>
        <property key="enable-op" value="true"/>
        <property key="enable-opa" value="true"/>
        <property key="enable-or" value="true"/>
        <property key="enable-os" value="true"/>
        <property key="enable-ot" value="true"/>
        <property key="enable-ou" value="true"/>
        <property key="enable-ow" value="true"/>
        <property key="extra-include-directories" value=""/>
        <property key="optimization-master" value="Enable all"/>
        <property key="preprocessor-macros" value=""/>
        <property key="procedural-abstraction-passes" value="4"/>
        <property key="storage-class" value="sca"/>
        <property key="verbose" value="false"/>
        <property key="warning-level" value="2"/>
      </C18>
      <C18-AS>
      </C18-AS>
      <C18-LD>
        <property key="cod-file" value="false"/>
        <property key="extra-lib-directories" value=""/>
        <property key="hex-output-format" value="INHX32"/>
        <property key="map-file" value="${DISTDIR}/${PROJECTNAME}.${IMAGE_TYPE}.map"/>
      </C18-LD>
      <C18LanguageToolchain>
        <property key="extended-mode" value="false"/>
        <property key="extended-mode-mcc18" value="false"/>
        <property key="extended-mode-mpasm" value="false"/>
        <property key="extended-mode-mplink" value="false"/>
        <property key="stack-analysis" value="false"/>
        <property key="stack-analysis-mcc18" value="false"/>
        <property key="stack-analysis-mplink" value="false"/>
      </C18LanguageToolchain>
      <PICkit3PlatformTool>
        <property key="AutoSelectMemRanges" value="auto"/>
        <property key="Freeze Peripherals" value="true"/>
        <property key="SecureSegment.SegmentProgramming" value="FullChipProgramming"/>
        <property key="ToolFirmwareFilePath" value="Press to browse for a specific firmware version"/>
        <property key="ToolFirmwareOption.UseLatestFirmware" value="true"/>
        <property key="firmware.download.all" value="false"/>
        <property key="hwtoolclock.frcindebug" value="false"/>
        <property key="memories.aux" value="false"/>
        <property key="memories.bootflash" value="true"/>
        <property key="memories.configurationmemory" value="true"/>
        <property key="memories.eeprom" value="true"/>
        <property key="memories.flashdata" value="true"/>
        <property key="memories.id" value="true"/>
        <property key="memories.programmemory" value="true"/>
        <property key="memories.programmemory.end" value="0xffff"/>
        <property key="memories.programmemory.start" value="0x0"/>
        <property key="poweroptions.powerenable" value="false"/>
        <property key="programmertogo.imagename" value=""/>
        <property key="programoptions.eraseb4program" value="true"/>
        <property key="programoptions.pgmspeed" value="2"/>
        <property key="programoptions.preserveeeprom" value="false"/>
        <property key="programoptions.preserveprogramrange" value="false"/>
        <property key="programoptions.preserveprogramrange.end" value="0xffff"/>
        <property key="programoptions.preserveprogramrange.start" value="0x0"/>
        <property key="programoptions.preserveuserid" value="false"/>
        <property key="programoptions.testmodeentrymethod" value="VPPFirst"/>
        <property key="programoptions.usehighvoltageonmclr" value="false"/>
        <property key="programoptions.uselvpprogramming" value="false"/>
        <property key="voltagevalue" value="5.0"/>
      </PICkit3PlatformTool>
    </conf>
  </confs>
</configurationDescriptor>